{
  "methods": {
    "grid_search_f1": 0.6843359577655794,
    "grid_search_balanced": 0.5743359577655793,
    "roc_analysis": 0.6981374025344849,
    "percentile_75": 0.7364017963409424,
    "statistical_mean_std": 0.6550861099119047,
    "elbow": 0.45685625076293945
  },
  "consensus_threshold": 0.6697110338387421,
  "consensus_metrics": {
    "threshold": 0.6697110338387421,
    "precision": 0.5986842105263158,
    "recall": 0.7844827586206896,
    "f1": 0.6791044776119403,
    "accuracy": 0.7044673539518901,
    "true_positives": 91,
    "false_positives": 61,
    "false_negatives": 25,
    "true_negatives": 114
  },
  "score_distribution": {
    "total_scores": 291,
    "relevant_count": 116,
    "irrelevant_count": 175,
    "all": {
      "min": 0.4543359577655792,
      "max": 0.88080894947052,
      "mean": 0.6747675960006583,
      "median": 0.6793612241744995,
      "std": 0.0778150734438433
    },
    "relevant": {
      "min": 0.5333512425422668,
      "max": 0.88080894947052,
      "mean": 0.7203037199275247,
      "median": 0.725531280040741,
      "std": 0.06521761001561996
    },
    "irrelevant": {
      "min": 0.4543359577655792,
      "max": 0.8016144633293152,
      "mean": 0.6445836509977069,
      "median": 0.6452547907829285,
      "std": 0.07045582827671774
    }
  },
  "detailed_grid_search": {
    "optimal_threshold": 0.6843359577655794,
    "optimized_metric": "f1",
    "metrics_at_optimal": {
      "threshold": 0.6843359577655794,
      "precision": 0.6258992805755396,
      "recall": 0.75,
      "f1": 0.6823529411764705,
      "accuracy": 0.7216494845360825,
      "true_positives": 87,
      "false_positives": 52,
      "false_negatives": 29,
      "true_negatives": 123
    },
    "all_thresholds": [
      {
        "threshold": 0.4543359577655792,
        "precision": 0.39862542955326463,
        "recall": 1.0,
        "f1": 0.5700245700245701,
        "accuracy": 0.39862542955326463,
        "true_positives": 116,
        "false_positives": 175,
        "false_negatives": 0,
        "true_negatives": 0
      },
      {
        "threshold": 0.46433595776557923,
        "precision": 0.4013840830449827,
        "recall": 1.0,
        "f1": 0.5728395061728395,
        "accuracy": 0.4054982817869416,
        "true_positives": 116,
        "false_positives": 173,
        "false_negatives": 0,
        "true_negatives": 2
      },
      {
        "threshold": 0.47433595776557924,
        "precision": 0.4013840830449827,
        "recall": 1.0,
        "f1": 0.5728395061728395,
        "accuracy": 0.4054982817869416,
        "true_positives": 116,
        "false_positives": 173,
        "false_negatives": 0,
        "true_negatives": 2
      },
      {
        "threshold": 0.48433595776557925,
        "precision": 0.4013840830449827,
        "recall": 1.0,
        "f1": 0.5728395061728395,
        "accuracy": 0.4054982817869416,
        "true_positives": 116,
        "false_positives": 173,
        "false_negatives": 0,
        "true_negatives": 2
      },
      {
        "threshold": 0.49433595776557926,
        "precision": 0.4027777777777778,
        "recall": 1.0,
        "f1": 0.5742574257425743,
        "accuracy": 0.40893470790378006,
        "true_positives": 116,
        "false_positives": 172,
        "false_negatives": 0,
        "true_negatives": 3
      },
      {
        "threshold": 0.5043359577655793,
        "precision": 0.4070175438596491,
        "recall": 1.0,
        "f1": 0.5785536159600998,
        "accuracy": 0.41924398625429554,
        "true_positives": 116,
        "false_positives": 169,
        "false_negatives": 0,
        "true_negatives": 6
      },
      {
        "threshold": 0.5143359577655793,
        "precision": 0.4128113879003559,
        "recall": 1.0,
        "f1": 0.5843828715365239,
        "accuracy": 0.4329896907216495,
        "true_positives": 116,
        "false_positives": 165,
        "false_negatives": 0,
        "true_negatives": 10
      },
      {
        "threshold": 0.5243359577655793,
        "precision": 0.4128113879003559,
        "recall": 1.0,
        "f1": 0.5843828715365239,
        "accuracy": 0.4329896907216495,
        "true_positives": 116,
        "false_positives": 165,
        "false_negatives": 0,
        "true_negatives": 10
      },
      {
        "threshold": 0.5343359577655793,
        "precision": 0.4136690647482014,
        "recall": 0.9913793103448276,
        "f1": 0.5837563451776651,
        "accuracy": 0.436426116838488,
        "true_positives": 115,
        "false_positives": 163,
        "false_negatives": 1,
        "true_negatives": 12
      },
      {
        "threshold": 0.5443359577655793,
        "precision": 0.4175824175824176,
        "recall": 0.9827586206896551,
        "f1": 0.5861182519280206,
        "accuracy": 0.44673539518900346,
        "true_positives": 114,
        "false_positives": 159,
        "false_negatives": 2,
        "true_negatives": 16
      },
      {
        "threshold": 0.5543359577655793,
        "precision": 0.4222222222222222,
        "recall": 0.9827586206896551,
        "f1": 0.5906735751295337,
        "accuracy": 0.4570446735395189,
        "true_positives": 114,
        "false_positives": 156,
        "false_negatives": 2,
        "true_negatives": 19
      },
      {
        "threshold": 0.5643359577655793,
        "precision": 0.43018867924528303,
        "recall": 0.9827586206896551,
        "f1": 0.5984251968503936,
        "accuracy": 0.4742268041237113,
        "true_positives": 114,
        "false_positives": 151,
        "false_negatives": 2,
        "true_negatives": 24
      },
      {
        "threshold": 0.5743359577655793,
        "precision": 0.4351145038167939,
        "recall": 0.9827586206896551,
        "f1": 0.6031746031746031,
        "accuracy": 0.4845360824742268,
        "true_positives": 114,
        "false_positives": 148,
        "false_negatives": 2,
        "true_negatives": 27
      },
      {
        "threshold": 0.5843359577655793,
        "precision": 0.4357976653696498,
        "recall": 0.9655172413793104,
        "f1": 0.6005361930294907,
        "accuracy": 0.4879725085910653,
        "true_positives": 112,
        "false_positives": 145,
        "false_negatives": 4,
        "true_negatives": 30
      },
      {
        "threshold": 0.5943359577655793,
        "precision": 0.44534412955465585,
        "recall": 0.9482758620689655,
        "f1": 0.6060606060606061,
        "accuracy": 0.5085910652920962,
        "true_positives": 110,
        "false_positives": 137,
        "false_negatives": 6,
        "true_negatives": 38
      },
      {
        "threshold": 0.6043359577655794,
        "precision": 0.4579831932773109,
        "recall": 0.9396551724137931,
        "f1": 0.615819209039548,
        "accuracy": 0.5326460481099656,
        "true_positives": 109,
        "false_positives": 129,
        "false_negatives": 7,
        "true_negatives": 46
      },
      {
        "threshold": 0.6143359577655794,
        "precision": 0.47161572052401746,
        "recall": 0.9310344827586207,
        "f1": 0.6260869565217391,
        "accuracy": 0.5567010309278351,
        "true_positives": 108,
        "false_positives": 121,
        "false_negatives": 8,
        "true_negatives": 54
      },
      {
        "threshold": 0.6243359577655794,
        "precision": 0.48847926267281105,
        "recall": 0.9137931034482759,
        "f1": 0.6366366366366367,
        "accuracy": 0.584192439862543,
        "true_positives": 106,
        "false_positives": 111,
        "false_negatives": 10,
        "true_negatives": 64
      },
      {
        "threshold": 0.6343359577655794,
        "precision": 0.515,
        "recall": 0.8879310344827587,
        "f1": 0.6518987341772152,
        "accuracy": 0.6219931271477663,
        "true_positives": 103,
        "false_positives": 97,
        "false_negatives": 13,